id,Details,NDRE_TAMU,NDRE_WSU,Yield
1,HiRain_Hard_SP,0.115094226,0.324965346,74
2,HiRain_Hard_SP,0.139261676,0.359747129,30
3,HiRain_Hard_SP,0.187232944,0.390938539,94
4,HiRain_Hard_SP,0.161460289,0.372154265,87
5,HiRain_Hard_SP,0.179731991,0.374589985,89
6,HiRain_Hard_SP,0.111372137,0.340637725,86
7,HiRain_Hard_SP,0.13576924,0.350690929,78
8,HiRain_Hard_SP,0.129685941,0.347862377,92
9,HiRain_Hard_SP,0.204825953,0.398033607,113
10,HiRain_Hard_SP,0.209766486,0.399859365,88
11,HiRain_Hard_SP,0.114005013,0.343599831,71
12,HiRain_Hard_SP,0.219189269,0.402931686,103
13,HiRain_Hard_SP,0.215632718,0.40345448,106
14,HiRain_Hard_SP,0.22814961,0.403491589,106
15,HiRain_Hard_SP,0.261613412,0.439519678,124
16,HiRain_Hard_SP,0.2387926,0.421906624,117
17,HiRain_Hard_SP,0.173525429,0.374967349,111
18,HiRain_Hard_SP,0.184613964,0.380207813,120
19,HiRain_Hard_SP,0.197023369,0.388340361,117
20,HiRain_Hard_SP,0.200148289,0.390763029,127
21,HiRain_Hard_SP,0.193679523,0.396392861,117
22,HiRain_Hard_SP,0.216035219,0.409568889,102
23,HiRain_Hard_SP,0.186066364,0.378028512,119
24,HiRain_Hard_SP,0.215528226,0.402162935,109
25,HiRain_Hard_SP,0.20532678,0.39059396,107
26,HiRain_Hard_SP,0.197779069,0.38455434,98
27,HiRain_Hard_SP,0.182226918,0.375660151,108
28,HiRain_Hard_SP,0.206497589,0.391616256,96
29,HiRain_Hard_SP,0.215744851,0.41109099,107
30,HiRain_Hard_SP,0.251335262,0.434904273,105
31,HiRain_Hard_SP,0.21705881,0.401365922,100
32,HiRain_Hard_SP,0.222104425,0.406171674,92
33,HiRain_Hard_SP,0.241259392,0.423775243,103
34,HiRain_Hard_SP,0.258471614,0.434376602,104
35,HiRain_Hard_SP,0.246554267,0.422332076,101
36,HiRain_Hard_SP,0.25519735,0.429885852,108
37,HiRain_Hard_SP,0.240498768,0.419573928,94
38,HiRain_Hard_SP,0.264338956,0.435684393,107
39,HiRain_Hard_SP,0.237053193,0.413900148,101
40,HiRain_Hard_SP,0.232873685,0.414433972,100
41,HiRain_Hard_SP,0.269058334,0.44317854,92
42,HiRain_Hard_SP,0.257179605,0.431922914,98
43,HiRain_Hard_SP,0.279727893,0.45226385,129
44,HiRain_Hard_SP,0.274457059,0.447566755,121
45,HiRain_Hard_SP,0.272149862,0.443327155,127
46,HiRain_Hard_SP,0.260637623,0.434020983,123
47,HiRain_Hard_SP,0.301804526,0.466354635,133
48,HiRain_Hard_SP,0.258145517,0.431664868,124
49,HiRain_Hard_SP,0.214494703,0.407861734,105
50,HiRain_Hard_SP,0.276918236,0.445552448,121
51,HiRain_Hard_SP,0.254790934,0.42643511,127
52,HiRain_Hard_SP,0.240866909,0.419434239,115
53,HiRain_Hard_SP,0.226179297,0.411904102,115
54,HiRain_Hard_SP,0.251950751,0.427149721,122
55,HiRain_Hard_SP,0.216544566,0.398349114,109
56,HiRain_Hard_SP,0.223617636,0.401024436,117
57,HiRain_Hard_SP,0.271889994,0.436160127,108
58,HiRain_Hard_SP,0.282035944,0.445425667,109
59,HiRain_Hard_SP,0.276911623,0.442684275,110
60,HiRain_Hard_SP,0.273405598,0.442599888,107
61,HiRain_Hard_SP,0.207705674,0.413224477,93
62,HiRain_Hard_SP,0.268032924,0.435555386,111
63,HiRain_Hard_SP,0.277492354,0.444514626,108
64,HiRain_Hard_SP,0.256098052,0.43004963,111
65,HiRain_Hard_SP,0.275071206,0.447897729,114
66,HiRain_Hard_SP,0.290265891,0.460536784,116
67,HiRain_Hard_SP,0.256118656,0.431225535,105
68,HiRain_Hard_SP,0.205835388,0.395456355,100
69,HiRain_Hard_SP,0.239800726,0.426230585,107
70,HiRain_Hard_SP,0.243302044,0.426314591,111
71,HiRain_Hard_SP,0.039008479,0.298751121,81
72,HiRain_Hard_SP,0.084096164,0.327948894,78
73,HiRain_Hard_SP,0.043522248,0.307200522,83
74,HiRain_Hard_SP,0.166166173,0.359565905,90
75,HiRain_Hard_SP,0.16650687,0.365417283,107
76,HiRain_Hard_SP,0.189199638,0.379173283,109
77,HiRain_Hard_SP,0.235065225,0.412539708,136
78,HiRain_Hard_SP,0.25249231,0.430854757,103
79,HiRain_Hard_SP,0.185529598,0.378422226,118
80,HiRain_Hard_SP,0.171256111,0.367653811,106
81,HiRain_Hard_SP,0.192524749,0.38723468,108
82,HiRain_Hard_SP,0.236725861,0.416064159,126
83,HiRain_Hard_SP,0.252385136,0.425730917,117
84,HiRain_Hard_SP,0.274045187,0.444396637,115
85,HiRain_Hard_SP,0.245701903,0.428581337,107
86,HiRain_Hard_SP,0.222781877,0.413843747,106
87,HiRain_Hard_SP,0.219957018,0.412001167,97
88,HiRain_Hard_SP,0.259806143,0.438764056,103
89,HiRain_Hard_SP,0.23038749,0.418888103,98
90,HiRain_Hard_SP,0.253782533,0.43903986,95
91,HiRain_Hard_SP,0.214316992,0.415421062,83
92,HiRain_Hard_SP,0.091822909,0.341785829,87
93,HiRain_Hard_SP,0.103155869,0.329517258,81
94,HiRain_Hard_SP,0.148849003,0.365854631,96
95,HiRain_Hard_SP,0.075604607,0.332074957,84
96,HiRain_Hard_SP,-0.0077603,0.262625015,70
97,HiRain_Hard_SP,-0.026376581,0.258614989,54
98,HiRain_Hard_SP,0.01847428,0.271352441,70
99,HiRain_Hard_SP,0.056329336,0.31011675,74
100,HiRain_Hard_SP,0.025850006,0.274734033,67
101,HiRain_Hard_SP,0.001230693,0.246115561,73
102,HiRain_Hard_SP,-0.002161001,0.272904709,72
103,HiRain_Hard_SP,0.026631745,0.285564951,77
104,HiRain_Hard_SP,0.055987613,0.304738308,75
105,HiRain_Hard_SP,-0.003361258,0.274153139,72
106,HiRain_Hard_SP,-0.017399873,0.257150423,70
107,HiRain_Hard_SP,0.095842156,0.32750088,89
108,HiRain_Hard_SP,0.064971386,0.314179748,88
109,HiRain_Hard_SP,0.065650306,0.331328002,87
110,HiRain_Hard_SP,0.104788118,0.336865185,94
111,HiRain_Hard_SP,0.07426243,0.321885917,78
112,HiRain_Hard_SP,0.141800604,0.346157933,110
113,HiRain_Hard_SP,0.205819481,0.399555896,97
114,HiRain_Hard_SP,0.121049861,0.336403967,89
115,HiRain_Hard_SP,0.203162035,0.398369489,84
116,HiRain_Hard_SP,0.135574854,0.351171095,81
117,HiRain_Hard_SP,0.104706549,0.321295866,76
118,HiRain_Hard_SP,0.088833655,0.312526133,76
119,HiRain_Hard_SP,0.097644094,0.32544606,71
120,HiRain_Hard_SP,0.004671499,0.256360181,56
121,HiRain_Hard_SP,0.037153354,0.302459388,77
122,HiRain_Hard_SP,0.000313758,0.247087705,74
123,HiRain_Hard_SP,0.056517794,0.300406794,63
124,HiRain_Hard_SP,0.082479407,0.311136894,63
125,HiRain_Hard_SP,0.107554098,0.337486904,79
126,HiRain_Hard_SP,0.160258819,0.371422683,88
127,HiRain_Hard_SP,0.238787237,0.438215527,102
128,HiRain_Hard_SP,0.208128643,0.405895735,100
129,HiRain_Hard_SP,0.184304796,0.391754857,96
130,HiRain_Hard_SP,0.147785996,0.374860212,97
131,HiRain_Hard_SP,0.212543032,0.405577457,99
132,HiRain_Hard_SP,0.215898659,0.408010581,118
133,HiRain_Hard_SP,0.245457266,0.428309166,118
134,HiRain_Hard_SP,0.328766394,0.490922548,118
135,HiRain_Hard_SP,0.302980789,0.469533015,115
136,HiRain_Hard_SP,0.260107891,0.445632242,120
137,HiRain_Hard_SP,0.274642958,0.450246715,116
138,HiRain_Hard_SP,0.263171725,0.448395942,112
139,HiRain_Hard_SP,0.245317227,0.433674958,102
140,HiRain_Hard_SP,0.24890702,0.434662732,107
141,HiRain_Hard_SP,0.275143353,0.445615225,97
142,HiRain_Hard_SP,0.271669357,0.438272281,105
143,HiRain_Hard_SP,0.264070097,0.434170823,114
144,HiRain_Hard_SP,0.276000171,0.438672279,119
145,HiRain_Hard_SP,0.303582969,0.460115086,124
146,HiRain_Hard_SP,0.265063658,0.432756223,117
147,HiRain_Hard_SP,0.301440665,0.458795913,125
148,HiRain_Hard_SP,0.284936371,0.44959532,120
149,HiRain_Hard_SP,0.269120221,0.435593362,110
150,HiRain_Hard_SP,0.24523749,0.421650293,98
151,HiRain_Hard_SP,0.229681919,0.408530961,103
152,HiRain_Hard_SP,0.164451096,0.363883863,93
153,HiRain_Hard_SP,0.17855813,0.371727066,102
154,HiRain_Hard_SP,0.160032313,0.361493663,93
155,HiRain_Hard_SP,0.258739851,0.441732443,119
156,HiRain_Hard_SP,0.291394466,0.46252022,119
157,HiRain_Hard_SP,0.292028626,0.464321603,111
158,HiRain_Hard_SP,0.298335454,0.467892203,116
159,HiRain_Hard_SP,0.318683574,0.479002417,116
160,HiRain_Hard_SP,0.231593247,0.407303952,119
161,HiRain_Hard_SP,0.08369716,0.398852998,80
162,HiRain_Hard_SP,0.307366563,0.472272654,123
163,HiRain_Hard_SP,0.283720314,0.449476171,121
164,HiRain_Hard_SP,0.266883174,0.435836152,129
165,HiRain_Hard_SP,0.28551219,0.460906155,124
166,HiRain_Hard_SP,0.235522979,0.417117755,127
167,HiRain_Hard_SP,0.253016278,0.432514988,112
168,HiRain_Hard_SP,0.297415781,0.467345734,124
169,HiRain_Hard_SP,0.24452815,0.41438303,93
170,HiRain_Hard_SP,0.258281704,0.437358664,118
171,HiRain_Hard_SP,0.266061597,0.436945468,126
172,HiRain_Hard_SP,0.252620404,0.425677327,128
173,HiRain_Hard_SP,0.220211347,0.39968858,123
174,HiRain_Hard_SP,0.28301239,0.442917102,130
175,HiRain_Hard_SP,0.308943756,0.462424174,129
176,HiRain_Hard_SP,0.293196413,0.450746626,120
177,HiRain_Hard_SP,0.288110327,0.442696476,128
178,HiRain_Hard_SP,0.269165875,0.433086147,135
179,HiRain_Hard_SP,0.284255958,0.451962647,129
180,HiRain_Hard_SP,0.25818698,0.430267368,113
181,HiRain_Hard_SP,0.224915726,0.403289896,111
182,HiRain_Hard_SP,0.244249766,0.423066823,131
183,HiRain_Hard_SP,0.223424705,0.416188617,107
184,HiRain_Hard_SP,0.231979297,0.419662258,109
185,HiRain_Hard_SP,0.221279935,0.411507823,110
186,HiRain_Hard_SP,0.214137226,0.396264115,119
187,HiRain_Hard_SP,0.20119847,0.389249516,117
188,HiRain_Hard_SP,0.206140024,0.398761122,124
189,HiRain_Hard_SP,0.277617435,0.441793832,123
190,HiRain_Hard_SP,0.270645139,0.435114461,93
191,HiRain_Hard_SP,0.27773882,0.441988989,96
192,HiRain_Hard_SP,0.274770588,0.44122071,119
193,HiRain_Hard_SP,0.27023571,0.437261226,118
194,HiRain_Hard_SP,0.264888071,0.43057949,118
195,HiRain_Hard_SP,0.283923096,0.448044294,103
196,HiRain_Hard_SP,0.276549385,0.439114216,123
197,HiRain_Hard_SP,0.18158663,0.373015061,103
198,HiRain_Hard_SP,0.18780204,0.374189905,93
199,HiRain_Hard_SP,0.177330654,0.363145139,107
2000,HiRain_Hard_SP,0.201545635,0.380759229,100
201,HiRain_Hard_SP,0.215910023,0.392800018,113
202,HiRain_Hard_SP,0.219960895,0.400645168,111
203,HiRain_Hard_SP,0.201047715,0.383028245,105
204,HiRain_Hard_SP,0.23117816,0.406403787,115
205,HiRain_Hard_SP,0.266263653,0.437731801,103
206,HiRain_Hard_SP,0.232011635,0.411579791,108
207,HiRain_Hard_SP,0.199296299,0.387227223,100
208,HiRain_Hard_SP,0.202387065,0.391006065,100
209,HiRain_Hard_SP,0.213518607,0.399599535,96
210,HiRain_Hard_SP,0.17468146,0.372007776,84
211,HiRain_Hard_SP,0.046909107,0.371416951,71
212,HiRain_Hard_SP,0.19168659,0.40188462,91
213,HiRain_Hard_SP,0.189324387,0.396138233,94
214,HiRain_Hard_SP,0.204414131,0.400720035,102
215,HiRain_Hard_SP,0.215674977,0.409254489,99
216,HiRain_Hard_SP,0.254965988,0.432733872,101
217,HiRain_Hard_SP,0.250753081,0.42757089,103
218,HiRain_Hard_SP,0.22015866,0.405272763,115
219,HiRain_Hard_SP,0.249943297,0.430575044,109
220,HiRain_Hard_SP,0.225059394,0.408034366,110
221,HiRain_Hard_SP,0.153909066,0.368842408,90
222,HiRain_Hard_SP,0.087361629,0.315816591,75
223,HiRain_Hard_SP,0.134453705,0.347516112,84
224,HiRain_Hard_SP,0.184384876,0.374884469,84
225,HiRain_Hard_SP,0.193276926,0.386515463,92
226,HiRain_Hard_SP,0.187138856,0.385514354,92
227,HiRain_Hard_SP,0.163124476,0.364898036,91
228,HiRain_Hard_SP,0.160079787,0.358204625,101
229,HiRain_Hard_SP,0.16491828,0.360283338,101
230,HiRain_Hard_SP,0.150623946,0.353677541,99
231,HiRain_Hard_SP,0.228457133,0.410453434,104
232,HiRain_Hard_SP,0.23573246,0.416138772,119
233,HiRain_Hard_SP,0.221546313,0.406022732,109
234,HiRain_Hard_SP,0.220812578,0.405948511,104
235,HiRain_Hard_SP,0.176626348,0.377226353,97
236,HiRain_Hard_SP,0.160591735,0.364660316,102
237,HiRain_Hard_SP,0.162240407,0.37092733,99
238,HiRain_Hard_SP,0.177861925,0.392855947,95
239,HiRain_Hard_SP,0.233829814,0.424596501,97
1,HiRain_SWW_SP,0.135776437,0.362261017,62
2,HiRain_SWW_SP,0.165608989,0.379480264,68
3,HiRain_SWW_SP,0.253120355,0.443767179,90
4,HiRain_SWW_SP,0.230102882,0.431172582,77
5,HiRain_SWW_SP,0.202120524,0.413519551,68
6,HiRain_SWW_SP,0.165871281,0.393875492,69
7,HiRain_SWW_SP,0.18788676,0.399111925,67
8,HiRain_SWW_SP,0.205385694,0.406508642,72
9,HiRain_SWW_SP,0.189520437,0.398797933,75
10,HiRain_SWW_SP,0.227921535,0.420933944,83
11,HiRain_SWW_SP,0.171265484,0.366921999,87
12,HiRain_SWW_SP,0.22497546,0.418031749,86
13,HiRain_SWW_SP,0.163157542,0.374807636,72
14,HiRain_SWW_SP,0.215974393,0.411849275,60
15,HiRain_SWW_SP,0.215205184,0.408912278,57
16,HiRain_SWW_SP,0.2029685,0.39056551,82
17,HiRain_SWW_SP,0.234621235,0.412844958,103
18,HiRain_SWW_SP,0.223125169,0.407708056,90
19,HiRain_SWW_SP,0.213726829,0.398685053,90
20,HiRain_SWW_SP,0.179334857,0.376774413,83
21,HiRain_SWW_SP,0.224086204,0.408724594,95
22,HiRain_SWW_SP,0.140224807,0.340605107,83
23,HiRain_SWW_SP,0.183847174,0.382595536,94
24,HiRain_SWW_SP,0.146592937,0.358582527,73
25,HiRain_SWW_SP,0.19933886,0.399953461,80
26,HiRain_SWW_SP,0.195343559,0.390898054,83
27,HiRain_SWW_SP,0.15719198,0.368133199,79
28,HiRain_SWW_SP,0.201945929,0.399726357,86
29,HiRain_SWW_SP,0.295855726,0.465673048,104
30,HiRain_SWW_SP,0.222249645,0.409881934,91
31,HiRain_SWW_SP,0.26571975,0.446610288,95
32,HiRain_SWW_SP,0.240204503,0.427329873,87
33,HiRain_SWW_SP,0.214420848,0.409610714,89
34,HiRain_SWW_SP,0.210520086,0.400890029,85
35,HiRain_SWW_SP,0.209710431,0.399464461,89
36,HiRain_SWW_SP,0.203708733,0.397907739,87
37,HiRain_SWW_SP,0.175359132,0.381872771,65
38,HiRain_SWW_SP,0.234489967,0.419355489,81
39,HiRain_SWW_SP,0.238912891,0.420536819,94
40,HiRain_SWW_SP,0.291864302,0.464680698,100
41,HiRain_SWW_SP,0.27762576,0.450333964,105
42,HiRain_SWW_SP,0.262224224,0.437984938,68
43,HiRain_SWW_SP,0.196518503,0.397318732,67
44,HiRain_SWW_SP,0.2190982,0.415078893,109
45,HiRain_SWW_SP,0.176305299,0.370558452,90
46,HiRain_SWW_SP,0.22152469,0.408519123,105
47,HiRain_SWW_SP,0.145145597,0.358479709,95
48,HiRain_SWW_SP,0.198510938,0.390658021,93
49,HiRain_SWW_SP,0.235888552,0.420228362,103
50,HiRain_SWW_SP,0.232603683,0.412494129,96
51,HiRain_SWW_SP,0.123891376,0.346527458,90
52,HiRain_SWW_SP,0.223132427,0.40823355,92
53,HiRain_SWW_SP,0.159659301,0.378208996,74
54,HiRain_SWW_SP,0.20601681,0.398586331,84
55,HiRain_SWW_SP,0.250529626,0.429890405,89
56,HiRain_SWW_SP,0.227600317,0.409248259,87
57,HiRain_SWW_SP,0.207762158,0.392535763,83
58,HiRain_SWW_SP,0.255487886,0.433142003,94
59,HiRain_SWW_SP,0.232244768,0.415039715,88
60,HiRain_SWW_SP,0.234788686,0.42015912,93
61,HiRain_SWW_SP,0.20410863,0.399686824,77
62,HiRain_SWW_SP,0.277812255,0.4542756,99
63,HiRain_SWW_SP,0.260109258,0.443226877,98
64,HiRain_SWW_SP,0.2661587,0.438884146,103
65,HiRain_SWW_SP,0.212889547,0.403674298,90
66,HiRain_SWW_SP,0.261219604,0.436777768,102
67,HiRain_SWW_SP,0.10790337,0.332490893,59
68,HiRain_SWW_SP,0.129157129,0.338809576,63
69,HiRain_SWW_SP,0.231372936,0.409308475,105
70,HiRain_SWW_SP,0.223037935,0.418081509,80
71,HiRain_SWW_SP,0.169788476,0.362973625,92
72,HiRain_SWW_SP,0.148781715,0.357223087,73
73,HiRain_SWW_SP,0.0990982,0.326235929,76
74,HiRain_SWW_SP,0.052180616,0.307091609,61
75,HiRain_SWW_SP,0.056618926,0.293024935,71
76,HiRain_SWW_SP,-0.011503846,0.312022203,41
77,HiRain_SWW_SP,0.149167754,0.362090384,89
78,HiRain_SWW_SP,0.134280452,0.352651391,86
79,HiRain_SWW_SP,0.108718821,0.333481466,88
80,HiRain_SWW_SP,0.160267622,0.368015272,91
81,HiRain_SWW_SP,0.234549538,0.424049337,108
82,HiRain_SWW_SP,0.135902006,0.343968947,75
83,HiRain_SWW_SP,0.081028618,0.321824062,61
84,HiRain_SWW_SP,0.116560994,0.332476229,62
85,HiRain_SWW_SP,0.257702801,0.436671567,89
86,HiRain_SWW_SP,0.164831831,0.365461851,93
87,HiRain_SWW_SP,0.160757415,0.362141133,101
88,HiRain_SWW_SP,0.142640171,0.364722524,95
89,HiRain_SWW_SP,0.132573953,0.349126016,79
90,HiRain_SWW_SP,0.141016193,0.370545039,89
91,HiRain_SWW_SP,0.271474045,0.460987511,104
92,HiRain_SWW_SP,0.215084715,0.417267548,92
93,HiRain_SWW_SP,0.13467979,0.359180241,85
94,HiRain_SWW_SP,0.179936097,0.3827165,86
95,HiRain_SWW_SP,0.156221331,0.375685735,102
96,HiRain_SWW_SP,0.136692919,0.353867644,88
97,HiRain_SWW_SP,0.169322499,0.383799381,94
98,HiRain_SWW_SP,0.194876786,0.39644005,89
99,HiRain_SWW_SP,0.081953083,0.310795655,68
100,HiRain_SWW_SP,0.148292558,0.355268156,83
101,HiRain_SWW_SP,0.169281636,0.378494939,98
102,HiRain_SWW_SP,0.130711836,0.338003214,85
103,HiRain_SWW_SP,0.113435192,0.326011877,86
104,HiRain_SWW_SP,0.107681448,0.328655364,80
105,HiRain_SWW_SP,0.017157233,0.277558241,67
106,HiRain_SWW_SP,-0.012215783,0.258280981,56
107,HiRain_SWW_SP,0.064552326,0.299949447,40
108,HiRain_SWW_SP,0.081443485,0.313071322,65
109,HiRain_SWW_SP,0.119241026,0.337447143,72
110,HiRain_SWW_SP,0.145999098,0.351932314,77
111,HiRain_SWW_SP,0.131435277,0.353821745,91
112,HiRain_SWW_SP,0.217151601,0.40197407,84
113,HiRain_SWW_SP,0.220332683,0.406107334,96
114,HiRain_SWW_SP,0.252601926,0.439422177,87
115,HiRain_SWW_SP,0.202906933,0.396007085,95
116,HiRain_SWW_SP,0.161475002,0.36693465,91
117,HiRain_SWW_SP,0.082869072,0.321021037,83
118,HiRain_SWW_SP,0.091097519,0.315285734,80
119,HiRain_SWW_SP,0.107339915,0.33487563,73
120,HiRain_SWW_SP,0.172943918,0.381090289,80
121,HiRain_SWW_SP,0.155942919,0.373363911,78
122,HiRain_SWW_SP,0.158425558,0.363689348,100
123,HiRain_SWW_SP,0.147327511,0.355032373,75
124,HiRain_SWW_SP,0.21406544,0.405972973,92
125,HiRain_SWW_SP,0.125984845,0.342763119,74
126,HiRain_SWW_SP,0.183468721,0.371705534,78
127,HiRain_SWW_SP,0.199130629,0.384650376,101
128,HiRain_SWW_SP,0.162461311,0.361633012,91
129,HiRain_SWW_SP,0.200888163,0.390257961,104
130,HiRain_SWW_SP,0.205525946,0.398065019,91
131,HiRain_SWW_SP,0.149287083,0.342949511,106
132,HiRain_SWW_SP,0.197084283,0.389216025,88
133,HiRain_SWW_SP,0.209719577,0.402322999,93
134,HiRain_SWW_SP,0.131257872,0.348752126,80
135,HiRain_SWW_SP,0.160250559,0.370594958,86
136,HiRain_SWW_SP,0.134332177,0.345709919,94
137,HiRain_SWW_SP,0.161002799,0.364969408,100
138,HiRain_SWW_SP,0.189502005,0.381024937,95
139,HiRain_SWW_SP,0.090793965,0.304327434,79
140,HiRain_SWW_SP,0.08349076,0.309504541,79
141,HiRain_SWW_SP,0.219225645,0.398514431,94
142,HiRain_SWW_SP,0.191332744,0.379520033,92
143,HiRain_SWW_SP,0.212387779,0.396879496,106
144,HiRain_SWW_SP,0.181863753,0.38143349,94
145,HiRain_SWW_SP,0.21886711,0.418447271,99
146,HiRain_SWW_SP,0.241848768,0.431680959,101
147,HiRain_SWW_SP,0.213768957,0.403541921,91
148,HiRain_SWW_SP,0.211278547,0.401487018,92
149,HiRain_SWW_SP,0.19180209,0.391603883,90
150,HiRain_SWW_SP,0.220476223,0.407477493,102
151,HiRain_SWW_SP,0.287738577,0.462517856,110
152,HiRain_SWW_SP,0.195388328,0.382702751,106
153,HiRain_SWW_SP,0.237635861,0.415477439,98
154,HiRain_SWW_SP,0.227604298,0.406535625,106
155,HiRain_SWW_SP,0.231580564,0.409302962,117
156,HiRain_SWW_SP,0.231905939,0.408757198,111
157,HiRain_SWW_SP,0.239837183,0.414851533,112
158,HiRain_SWW_SP,0.181525342,0.375830352,109
159,HiRain_SWW_SP,0.210891102,0.392052417,111
160,HiRain_SWW_SP,0.14318759,0.348326308,83
161,HiRain_SWW_SP,0.238103682,0.415077416,112
162,HiRain_SWW_SP,0.160425138,0.357230304,93
163,HiRain_SWW_SP,0.125438212,0.333325973,91
164,HiRain_SWW_SP,0.169016849,0.370204674,92
165,HiRain_SWW_SP,0.156628874,0.354621498,88
166,HiRain_SWW_SP,0.091186434,0.307790806,79
167,HiRain_SWW_SP,0.158132572,0.352076077,74
168,HiRain_SWW_SP,0.12848399,0.339117176,77
169,HiRain_SWW_SP,0.269644456,0.433335398,115
170,HiRain_SWW_SP,0.225645429,0.400575865,99
171,HiRain_SWW_SP,0.154369986,0.348400903,106
172,HiRain_SWW_SP,0.237999875,0.414924938,109
173,HiRain_SWW_SP,0.240316527,0.418442181,103
174,HiRain_SWW_SP,0.243640955,0.42993548,113
175,HiRain_SWW_SP,0.209973934,0.409298993,92
176,HiRain_SWW_SP,0.2066379,0.398307362,118
177,HiRain_SWW_SP,0.195584577,0.391035921,100
178,HiRain_SWW_SP,0.199763991,0.385098863,120
179,HiRain_SWW_SP,0.211537836,0.389116418,118
180,HiRain_SWW_SP,0.254794821,0.423250502,122
181,HiRain_SWW_SP,0.24846382,0.418364557,117
182,HiRain_SWW_SP,0.227581011,0.404760928,127
183,HiRain_SWW_SP,0.243485056,0.416050367,133
184,HiRain_SWW_SP,0.235932423,0.40791549,129
185,HiRain_SWW_SP,0.267750172,0.437573758,136
186,HiRain_SWW_SP,0.229722012,0.411096296,127
187,HiRain_SWW_SP,0.243477759,0.416960754,125
188,HiRain_SWW_SP,0.2717347,0.439568772,111
189,HiRain_SWW_SP,0.259358584,0.433910399,115
190,HiRain_SWW_SP,0.235108215,0.41566363,111
191,HiRain_SWW_SP,0.216035203,0.400089706,113
192,HiRain_SWW_SP,0.22811242,0.417155643,109
193,HiRain_SWW_SP,0.219966673,0.398515122,124
194,HiRain_SWW_SP,0.246660364,0.419583772,111
195,HiRain_SWW_SP,0.199501645,0.383251895,108
196,HiRain_SWW_SP,0.180014814,0.365711065,103
197,HiRain_SWW_SP,0.187497759,0.369032102,110
198,HiRain_SWW_SP,0.26449062,0.437084375,106
199,HiRain_SWW_SP,0.275206594,0.442893267,109
200,HiRain_SWW_SP,0.248091955,0.424816555,103
201,HiRain_SWW_SP,0.29940687,0.466294727,121
202,HiRain_SWW_SP,0.303357741,0.470890358,114
203,HiRain_SWW_SP,0.267354432,0.441127776,108
204,HiRain_SWW_SP,0.270236657,0.446148987,114
205,HiRain_SWW_SP,0.298299159,0.466908489,116
206,HiRain_SWW_SP,0.296306722,0.463407539,117
207,HiRain_SWW_SP,0.293962782,0.465438797,128
208,HiRain_SWW_SP,0.273644444,0.446817432,129
209,HiRain_SWW_SP,0.328182494,0.482673903,128
210,HiRain_SWW_SP,0.195524111,0.380497417,96
211,HiRain_SWW_SP,0.25579113,0.43204785,116
212,HiRain_SWW_SP,0.225012248,0.417397219,99
213,HiRain_SWW_SP,0.146695798,0.363263823,86
214,HiRain_SWW_SP,0.167566057,0.371630519,100
215,HiRain_SWW_SP,0.206758393,0.394179011,111
216,HiRain_SWW_SP,0.161207067,0.365476243,97
217,HiRain_SWW_SP,0.179531022,0.372737566,102
218,HiRain_SWW_SP,0.100186219,0.309588617,84
219,HiRain_SWW_SP,0.114231495,0.355119371,85
220,HiRain_SWW_SP,0.119432166,0.333437389,91
221,HiRain_SWW_SP,0.168280776,0.362860023,94
222,HiRain_SWW_SP,0.073322028,0.292154278,74
223,HiRain_SWW_SP,0.091033765,0.302149323,82
224,HiRain_SWW_SP,0.080259181,0.299377509,78
225,HiRain_SWW_SP,0.155434245,0.35337602,92
226,HiRain_SWW_SP,0.149347046,0.349488256,88
227,HiRain_SWW_SP,0.12799625,0.335229624,94
228,HiRain_SWW_SP,0.119519558,0.33289927,90
229,HiRain_SWW_SP,0.132760433,0.338728542,76
230,HiRain_SWW_SP,0.171075384,0.368628695,95
231,HiRain_SWW_SP,0.118588186,0.337461864,93
232,HiRain_SWW_SP,0.225848569,0.410251141,97
233,HiRain_SWW_SP,0.221182896,0.406149511,98
234,HiRain_SWW_SP,0.235907709,0.419315694,96
235,HiRain_SWW_SP,0.248887631,0.429024554,104
236,HiRain_SWW_SP,0.200948379,0.389723167,108
237,HiRain_SWW_SP,0.16270346,0.362517802,93
238,HiRain_SWW_SP,0.188676366,0.383400583,96
239,HiRain_SWW_SP,0.166198704,0.377706465,86
240,HiRain_SWW_SP,0.22224359,0.418206303,97
241,HiRain_SWW_SP,0.17007846,0.390908273,87
242,HiRain_SWW_SP,0.226963558,0.42941902,88
243,HiRain_SWW_SP,0.048447512,0.308914006,71
244,HiRain_SWW_SP,0.210428814,0.409425067,81
245,HiRain_SWW_SP,0.185948597,0.394782792,86
246,HiRain_SWW_SP,0.222843581,0.420207845,83
247,HiRain_SWW_SP,0.206245929,0.406832697,85
248,HiRain_SWW_SP,0.187908962,0.393618725,90
249,HiRain_SWW_SP,0.14748865,0.36077105,78
250,HiRain_SWW_SP,0.164790261,0.371773369,98
1,Metribuzin_Trail_NoSpray,0.241135375,0.421079785,119
2,Metribuzin_Trail_NoSpray,0.239197461,0.423354448,119
3,Metribuzin_Trail_NoSpray,0.227265155,0.421071064,120
4,Metribuzin_Trail_NoSpray,0.281587138,0.460734102,127
5,Metribuzin_Trail_NoSpray,0.181610268,0.389086546,115
6,Metribuzin_Trail_NoSpray,0.272607607,0.452342849,129
7,Metribuzin_Trail_NoSpray,0.276799219,0.455130596,120
8,Metribuzin_Trail_NoSpray,0.26256748,0.442666896,133
9,Metribuzin_Trail_NoSpray,0.253938874,0.439349676,119
10,Metribuzin_Trail_NoSpray,0.217954422,0.418843737,109
11,Metribuzin_Trail_NoSpray,0.216007464,0.421917378,98
12,Metribuzin_Trail_NoSpray,0.208394469,0.406770495,91
13,Metribuzin_Trail_NoSpray,0.248788516,0.446455517,100
14,Metribuzin_Trail_NoSpray,0.228247763,0.424134184,104
15,Metribuzin_Trail_NoSpray,0.233201134,0.429737509,104
16,Metribuzin_Trail_NoSpray,0.233932454,0.432887762,112
17,Metribuzin_Trail_NoSpray,0.178943174,0.385287795,80
18,Metribuzin_Trail_NoSpray,0.14032002,0.370447216,84
19,Metribuzin_Trail_NoSpray,0.179042828,0.392515811,87
20,Metribuzin_Trail_NoSpray,0.201904121,0.413146255,83
21,Metribuzin_Trail_NoSpray,0.255825849,0.446017258,105
22,Metribuzin_Trail_NoSpray,0.23039862,0.428782954,101
23,Metribuzin_Trail_NoSpray,0.163456969,0.381033016,86
24,Metribuzin_Trail_NoSpray,0.21006157,0.414216399,91
25,Metribuzin_Trail_NoSpray,0.16242209,0.373639357,86
26,Metribuzin_Trail_NoSpray,0.216121262,0.41671992,84
27,Metribuzin_Trail_NoSpray,0.228282869,0.423708202,95
28,Metribuzin_Trail_NoSpray,0.245137368,0.442893512,89
29,Metribuzin_Trail_NoSpray,0.162681924,0.378063204,91
30,Metribuzin_Trail_NoSpray,0.168364421,0.378263298,87
31,Metribuzin_Trail_NoSpray,0.160745579,0.385620841,82
32,Metribuzin_Trail_NoSpray,0.234128534,0.427576428,105
33,Metribuzin_Trail_NoSpray,0.208182469,0.404703933,101
34,Metribuzin_Trail_NoSpray,0.244410618,0.437787028,102
35,Metribuzin_Trail_NoSpray,0.256586141,0.454436124,96
36,Metribuzin_Trail_NoSpray,0.17826427,0.390413007,95
1,Metribuzin_Trial_Spray,0.143755239,0.351163526,102
2,Metribuzin_Trial_Spray,0.150903109,0.362610739,94
3,Metribuzin_Trial_Spray,0.18517962,0.389411938,110
4,Metribuzin_Trial_Spray,0.156945494,0.372814903,105
5,Metribuzin_Trial_Spray,0.102227156,0.332995326,75
6,Metribuzin_Trial_Spray,0.176622747,0.378899792,92
7,Metribuzin_Trial_Spray,0.176400794,0.380401396,91
8,Metribuzin_Trial_Spray,0.16329788,0.372709741,102
9,Metribuzin_Trial_Spray,0.196547887,0.398064813,106
10,Metribuzin_Trial_Spray,0.186261698,0.388577548,104
11,Metribuzin_Trial_Spray,0.224328769,0.421302866,104
12,Metribuzin_Trial_Spray,0.208361775,0.40429409,104
13,Metribuzin_Trial_Spray,0.205059769,0.416206722,109
14,Metribuzin_Trial_Spray,0.160110833,0.372762485,102
15,Metribuzin_Trial_Spray,0.194303634,0.398727348,111
16,Metribuzin_Trial_Spray,0.221179267,0.418182241,118
17,Metribuzin_Trial_Spray,0.170745807,0.381575629,61
18,Metribuzin_Trial_Spray,0.151238267,0.376660951,80
19,Metribuzin_Trial_Spray,0.179199846,0.391474999,86
20,Metribuzin_Trial_Spray,0.206583137,0.411170197,91
21,Metribuzin_Trial_Spray,0.204212337,0.408057879,97
22,Metribuzin_Trial_Spray,0.198537161,0.401946851,99
23,Metribuzin_Trial_Spray,0.137228186,0.362793489,90
24,Metribuzin_Trial_Spray,0.194272433,0.406184466,106
25,Metribuzin_Trial_Spray,0.14994809,0.375823763,80
26,Metribuzin_Trial_Spray,0.194826556,0.409705665,85
27,Metribuzin_Trial_Spray,0.195000444,0.403863807,85
28,Metribuzin_Trial_Spray,0.209052073,0.420709593,87
29,Metribuzin_Trial_Spray,0.139517128,0.357429471,79
30,Metribuzin_Trial_Spray,0.157779439,0.373240291,71
31,Metribuzin_Trial_Spray,0.173449946,0.389513024,79
32,Metribuzin_Trial_Spray,0.193464183,0.39613776,88
33,Metribuzin_Trial_Spray,0.147699106,0.365206343,91
34,Metribuzin_Trial_Spray,0.176160618,0.392940684,94
35,Metribuzin_Trial_Spray,0.210085386,0.426401461,97
36,Metribuzin_Trial_Spray,0.156245602,0.382396401,90
